city,state,lat,lon,spirit,rationality,cer,sciinfo,rank,total
Kochi,Kerala,9.966667,76.233333,63.8975344372147,85.63791721336978,29.514755139694003,29.42876986625891,74,52.11974416413434
Kolhapur,Maharashtra,16.7,74.216667,86.99448490820312,74.96515396869584,23.486140299900647,46.8947225128351,376,58.08512542240867
Allahabad,Uttar Pradesh,25.45,81.85,73.00087517874803,64.903861639963,39.707962187322174,77.08042261623241,36,63.673280405566395
Nizamabad,Telangana,26.050556,83.05888900000002,79.32293875117045,29.14153675123725,31.705142872347693,34.53717587480285,359,43.676698562389575
Kollam,Kerala,8.880556,76.591667,0.30835713449930136,25.34506381585944,68.01333988659893,54.5105847312677,126,37.044336392056344
Tiruvottiyur,Tamil Nadu,13.157778,80.304167,88.2530346873223,54.386578484832214,86.79299142744165,49.82606799588451,349,69.81466814887017
Farrukhabad,Uttar Pradesh,27.4,79.56666700000002,50.56067549103359,37.00192970200264,33.35439093196115,88.54989222789064,314,52.366722088222005
Meerut,Uttar Pradesh,28.983333000000002,77.7,69.94963743767356,65.95324420770484,42.649557185377176,46.849308266807746,274,56.35043677439083
Aizawl,Mizoram,23.724444000000002,92.7175,45.35244255968046,69.20236689728978,80.49841756721534,51.28155782008547,215,61.58369621106776
Rajkot,Gujarat,25.731111,75.5925,75.69895662825249,35.860527546268436,30.050608168393012,57.17667597421004,240,49.69669207928099
Patna,Bihar,23.3,82.666667,14.42466460857795,51.189877167780345,29.962461318599605,73.0475707482577,216,42.156143460803904
Ulhasnagar,Maharashtra,19.216667,73.15,54.840578713395004,46.93485666761146,72.7919950599488,25.98807719050957,211,50.13887690786621
Gorakhpur,Uttar Pradesh,26.755,83.373889,42.160608707046315,32.90579865836556,55.3280902461831,63.23232242808138,260,48.406705009919094
Amravati,Maharashtra,20.933332999999998,77.75,35.7877536677214,83.12785316171481,70.90551832260273,36.28562705543085,241,56.52668805186744
Rajahmundry,Andhra Pradesh,16.983333,81.783333,33.37064648450191,33.633846654382104,9.98138478260666,23.52058764589338,330,25.126616391846014
Bhagalpur,Bihar,26.169722,83.872778,64.08537267149062,42.14658815016097,45.44209268896122,73.84641301692048,113,56.380116631883325
Satna,Madhya Pradesh,24.583333,80.833333,55.96342883308194,59.304863874745855,71.22059404302783,50.72230545422594,252,59.302798051270386
Gulbarga,Karnataka,17.333333,76.833333,57.16297846943856,32.792259822013165,57.30749937542725,82.81580333793198,277,57.51963525120274
Faridabad,Haryana,28.433333,77.31666700000002,62.989058440816144,40.3943438484496,23.617803913776733,21.12832472691736,334,37.032382732489964
Shivamogga (Shimoga),Karnataka,13.92993,75.568101,61.19692336256957,52.435146431128615,69.49284615753106,27.04040963282725,135,52.541331396014115
Ozhukarai,Puducherry,11.94888,79.712141,54.013209821349726,33.81387166622324,62.0813325683149,85.25276927720766,271,58.79029583327389
Kochi,Kerala,9.966667,76.233333,89.04663114167316,88.40380719240675,26.11323817156143,89.27613047956152,259,73.2099517463007
Jodhpur,Rajasthan,26.286666999999998,73.03,81.46655894329942,53.48516264768461,23.680132958296337,38.748199565387075,317,49.34501352866685
Bihar Sharif,Bihar,25.183333,85.516667,30.809104327203073,32.61458174533361,69.95066316178675,43.102902407373115,148,44.119312910424135
Amritsar,Punjab,31.633056,74.86555600000001,59.783499816548854,56.87562962261639,34.77015372944801,56.902284947645704,34,52.082892029064745
Vasai-Virar,Maharashtra,19.4258788,72.8224901,34.67173957171664,28.401859222907053,84.95277649673035,22.657861218357464,29,42.67105912742787
Katihar,Bihar,25.533333,87.583333,33.354833337076734,31.31785698615759,80.34850953171167,36.596116510410326,281,45.40432909133909
Aizawl,Mizoram,23.724444,92.7175,42.653000057492505,82.49721928716264,30.345305129896325,30.85172710582169,152,46.58681289509329
Dhanbad,Jharkhand,23.8,86.45,82.21770227935444,58.78951739447129,55.95717224714751,50.784780634588536,33,61.93729313889046
Jabalpur,Madhya Pradesh,23.166667,79.95,72.70531269896894,44.57863242532876,20.81408413483666,20.95917869311846,40,39.76430198806321
Nellore,Andhra Pradesh,14.433333,79.966667,27.24724171230472,27.99742985040773,72.56083178537712,30.958360873321013,366,39.690966055352646
Kirari Suleman Nagar,Delhi,28.701638,77.047811,85.50435394858664,76.86568127232566,59.82533442629815,38.94496752599767,375,65.28508429330203
Kadapa,Andhra Pradesh,14.466667,78.81666700000002,53.528886796825894,57.504991413072425,25.40878596140697,71.82034654712992,129,52.06575267960881
Rewa,Madhya Pradesh,27.9161,79.0231,28.74082344459172,41.67929051162485,25.48929179039585,60.3930275171715,353,39.07560831594598
Panipat,Haryana,29.388889000000002,76.968056,67.11889386745818,33.85178997510994,50.867183701146075,28.810249403602953,399,45.162029236829284
Rajpur Sonarpur,West Bengal,22.449089,88.391473,89.66273368200753,43.72243035517988,70.41742947108932,83.49410155966595,348,71.82417376698568
Ghaziabad,Uttar Pradesh,28.666667,77.43333299999998,49.71810014042117,79.06703705648185,39.554581251055815,49.21977387296912,21,54.38987308023199
Imphal,Manipur,24.816667000000002,93.95,44.81202444148115,50.423954055864364,50.33358279255057,47.48539679693917,219,48.26373952170882
Belgaum,Karnataka,15.866667,74.5,33.89676006938587,51.900337078183014,51.78947820657186,11.375925929375846,92,37.24062532087915
Thiruvananthapuram,Kerala,8.506944,76.956944,77.7931455898287,80.49484507949822,70.74557622398021,69.18222789104584,229,74.55394869608824
Vizianagaram,Andhra Pradesh,18.116667,83.416667,80.34711667199682,25.88802503548517,57.27344938383335,73.94571662544547,380,59.36357692919021
North Dumdum,West Bengal,22.65208,88.41906999999998,33.13411962370692,27.633261308655968,64.60577928991353,62.68232237812049,177,47.01387065009923
Dhule,Maharashtra,20.9,74.783333,88.2841202658647,74.77676360366766,79.98845602186705,60.634464993644045,118,75.92095122126086
Udaipur,Rajasthan,26.6978,79.9216,36.118061678118494,75.82789686356651,66.42661386379098,74.27802508530192,99,63.162649372694474
Jhansi,Uttar Pradesh,25.433332999999998,78.583333,66.68179119921587,75.97586241551501,40.02960788796185,43.653637260786475,278,56.58522469086979
Kozhikode,Kerala,11.25,75.766667,27.670652795153572,66.9001409785656,43.678171093467796,73.07758439981902,103,52.8316373167515
Agartala,Tripura,23.836389,91.275,59.36744729183527,53.32268773899328,67.29031853377235,44.20842282418475,248,56.047219097196425
Durg,Chhattisgarh,21.183333,81.283333,50.460845783386745,43.13513097244845,67.79256557415573,42.34162874859285,168,50.93254276964594
Mango,Jharkhand,13.22526165,79.1055442299247,67.28164461610149,3.685203591214131,0.5062343143105219,52.066551991636466,243,30.88490862831565
Panihati,West Bengal,22.694167,88.374444,39.44769260798513,30.41924435366117,23.769743631958107,47.81567429565596,238,35.36308872231509
Rourkela,Orissa,22.2,84.883333,63.01098468616925,51.861049949872616,65.09196464514886,57.34818875465928,208,59.3280470089625
Muzaffarnagar,Uttar Pradesh,29.466666999999998,77.68333299999998,30.20558880684286,34.78029060984285,11.832314400226268,5.214646177597124,335,20.50820999862728
Pune,Maharashtra,18.533333,73.866667,16.17913794613419,34.509865298551915,10.368513240388706,71.39461134666577,9,33.11303195793515
Ahmedabad,Gujarat,23.033333,72.616667,44.628847829587706,55.34701389019785,63.96578354539138,64.56169526162441,234,57.12583513170034
Udaipur,Rajasthan,26.6978,79.9216,76.18801981164066,58.31364456883347,58.23917035985974,59.85723558204636,285,63.149517580595045
Darbhanga,Bihar,26.166667,85.9,68.43538684597857,35.90594379827485,8.436162144573503,62.28032789707349,150,43.764455171475106
Purnia,Bihar,24.516667,87.133333,27.92159098947474,86.2165651944733,43.72398278811322,88.43020988613529,218,61.57308721454914
Bathinda,Punjab,30.2081076,74.9485371,29.332484856465825,27.40211005470445,83.06781249750851,85.78550065603359,157,56.396977016178106
Kirari Suleman Nagar,Delhi,28.701638,77.047811,32.642468002766925,78.96196011726622,65.57803876679853,78.02584275522415,160,63.80207741051395
Barasat,West Bengal,22.684167000000002,88.44111099999998,11.422609805057268,40.96073270354064,69.84440678896509,47.09317019849232,345,42.33022987401383
Rajkot,Gujarat,25.731111,75.5925,78.52725594281516,61.82256819437811,24.66628076273502,86.64735357854236,27,62.91586461961767
Rohtak,Haryana,28.9,76.56666700000002,41.97487520106333,65.40186453034903,76.90786338439429,29.76117721282193,327,53.511445082157145
Bhilai,Chhattisgarh,21.216667,81.43333299999998,53.46931461176466,86.72205326238289,88.97063068847594,36.81815309580657,71,66.49503791460751
Jammu,Jammu and Kashmir,32.733333,74.866667,35.604815564797036,53.754663116003,50.41099042622493,12.621725205917269,90,38.09804857823556
Lucknow,Uttar Pradesh,26.85,80.916667,73.7033683518457,66.69210513099746,37.773388671827476,67.81124392669079,11,61.49502652034036
Hisar,Haryana,29.166667,75.716667,79.63075879669104,56.49198114265089,80.36253550058194,44.70331522454746,146,65.29714766611784
Jaipur,Rajasthan,24.583333,86.85,15.226453440874346,46.46336368778307,20.84478866244129,60.26084086117947,224,35.69886166306953
Tiruchirappalli,Tamil Nadu,10.805,78.685556,46.678602114592074,30.89384749495214,43.598747561599566,21.25215924716266,360,35.60583910457661
Parbhani,Maharashtra,19.266667,76.783333,81.7713285252982,41.575171971003186,64.37414108226358,48.843855981654464,253,59.141124390054856
Amravati,Maharashtra,20.933333,77.75,52.07111923477204,37.91617323148479,36.59517170963372,58.0457591658884,68,46.157055835444744
Tirupur,Tamil Nadu,11.1,77.35,33.16221635851307,35.399105824198664,47.66782484405297,54.98320406165126,203,42.80308777210399
Siliguri,West Bengal,26.716110999999998,88.423611,68.47306192256048,22.974722600812182,74.75457463594391,41.577518574054615,276,51.9449694333428
Gaya,Bihar,24.783333,85.0,25.69077907955688,35.22675964371205,70.58157843349802,51.027149144384325,258,45.63156657528782
Imphal,Manipur,24.816667,93.95,51.68001827250789,81.4134779983642,41.687655761959526,49.41988897841219,169,56.050260252810965
Karawal Nagar,Delhi,28.728309999999997,77.276926,72.31275957514372,45.54834745731085,60.40809344914203,46.39215348298401,319,56.16533849114515
Bharatpur,Rajasthan,27.1268,79.3921,64.71268583780379,19.28900382316875,19.427866906426846,34.457700488281844,178,34.47181426392031
North Dumdum,West Bengal,22.652079999999998,88.41906999999998,40.71222693917986,35.524410628737826,64.17769256976088,77.06782642508338,280,54.37053914069049
Bareilly,Uttar Pradesh,28.35,79.416667,85.62049048407961,40.51960675799647,29.782386021845106,30.778714382358146,363,46.675299411569824
Raichur,Karnataka,16.2,77.366667,61.16443434436953,51.66110794753782,44.87704548761385,29.20798107997245,189,46.72764221487341
Ludhiana,Punjab,30.9,75.85,37.38869676277174,48.03958369015191,34.57960633411265,2.8610242401878816,385,30.717227756806043
Alwar,Rajasthan,27.566667,76.6,50.949453597494774,72.06765403403932,52.829495803913886,51.44761120158763,246,56.8235536592589
Gandhidham,Gujarat,23.083333,70.133333,34.56728978965614,58.46609281824831,21.461573978607237,89.22603206300573,220,50.93024716237936
Baranagar,West Bengal,22.643333,88.365278,60.80511353344625,33.941661885922386,24.730430950128326,89.85282899991788,182,52.332508842353704
Bijapur,Karnataka,18.8,80.81666700000002,82.58384243806881,57.82802503624831,65.19541189495602,44.19475840478008,133,62.45050944351332
Kurnool,Andhra Pradesh,15.833332999999998,78.05,46.80987492663099,41.82974629910275,61.23322645558925,22.517919954868173,105,43.09769190904778
Mathura,Uttar Pradesh,27.5,77.68333299999998,66.80708632569464,73.40691834924509,28.970253234261822,40.126123780208395,266,52.3275954223525
Muzaffarnagar,Uttar Pradesh,29.466667,77.68333299999998,31.94158528763293,88.50352863478541,48.51935232055313,47.60917433849377,114,54.14341014536632
Sonipat,Haryana,28.983333000000002,77.016667,34.09173795095665,28.408013202939202,59.92251891053535,80.29857072515794,320,50.68021019739729
Howrah,West Bengal,22.589167,88.310278,56.22066913147918,5.20682549343992,66.1961784491817,71.52964290884809,332,49.78832899573722
Bellary,Karnataka,15.15,76.93333299999998,47.485055255148325,56.13492016383359,88.6563225476919,58.56446971618036,109,62.71019192071354
Aligarh,Uttar Pradesh,27.883333,78.083333,28.959812011743303,70.45180829282901,39.61525908581301,22.829935235558356,331,40.46420365648592
Dhanbad,Jharkhand,23.8,86.45,71.59143495303456,22.94452679452489,36.40159795907085,77.76386790522378,395,52.17535690296352
Delhi,Delhi,28.666666999999997,77.216667,47.99090127827692,83.43049686945706,36.47477005041356,37.11769131687155,242,51.25346487875478
Farrukhabad,Uttar Pradesh,27.4,79.56666700000002,58.6887041497575,25.354799285139176,42.25317471982088,60.592732245216894,165,46.722352599983616
Arrah,Bihar,25.566667000000002,84.666667,66.51027322864073,56.03243831443378,37.76667341017992,38.36903594765186,255,49.669605225226576
Shahjahanpur,Uttar Pradesh,27.883333,79.916667,88.28092626382082,57.92504435526828,28.999183768128447,54.96151233545863,202,57.54166668066904
Barasat,West Bengal,22.684167,88.44111099999998,29.31520123878174,1.7630567774996857,58.59735002917492,67.84226923742997,159,39.379469320721576
Coimbatore,Tamil Nadu,10.9925,76.961389,15.646439596426694,39.10062978604092,21.224822375889683,24.1507834011674,286,25.030668789881176
Indore,Madhya Pradesh,22.716667,75.833333,69.22143797998957,60.555839613066645,29.22370306782465,21.558776900273102,14,45.1399393902885
Maheshtala,West Bengal,22.508620999999998,88.2532182,55.519034114412285,22.3220643226377,31.903326097895203,31.65690247593319,374,35.350331752719605
Vijayawada,Andhra Pradesh,16.516667,80.616667,43.888065953660075,34.85003162239466,18.669836101673802,32.545394297067034,230,32.48833199369889
Kamarhati,West Bengal,22.671111,88.37472199999998,33.38681639498002,73.14420083461417,22.58399044074865,63.59158958922706,233,48.17664931489247
Jabalpur,Madhya Pradesh,23.166667,79.95,63.19254376416765,45.80845233504258,54.87534792855018,5.812936600860032,394,42.422320157155106
Panipat,Haryana,29.388889,76.968056,41.14721922793149,46.54988518348154,24.960157599109568,37.400685728405435,149,37.514486934732005
Junagadh,Gujarat,21.516667,70.466667,86.27656467832495,75.97663115404978,50.04463344935679,39.512332461065895,397,62.95254043569935
Mira-Bhayandar,Maharashtra,19.295233,72.85439000000002,70.59014919709685,62.039993641642,83.47301767903542,73.428620317981,295,72.38294520893879
Alwar,Rajasthan,27.566667,76.6,88.9677729626139,37.944055283687376,58.551430384079524,77.03575290320128,139,65.62475288339553
Nashik,Maharashtra,20.011022399999998,73.7903373,74.26671226284273,5.4682017853256735,49.985893955027144,39.06867225485047,247,42.19737006451149
Vadodara,Gujarat,22.3,73.2,41.486084471165704,73.29195335967106,44.12281354804125,20.970202086876448,20,44.96776336643861
Mysore,Karnataka,12.307222,76.649722,61.740869615977324,29.952295541930688,81.94771310157812,65.81873027803739,53,59.864902134380884
Allahabad,Uttar Pradesh,25.45,81.85,28.388637533154434,43.138911765805055,32.84432487319674,6.968006249501919,225,27.834970105414534
Ranchi,Jharkhand,23.35,85.333333,31.47262293989005,28.083230356453534,50.30842759196058,80.63863548080519,37,47.62572909227735
Jalandhar,Punjab,23.9,78.43333299999998,79.27934818432678,25.484181522664784,25.905254763603438,58.6329133439484,56,47.325424453635854
Bangalore,Karnataka,12.983333,77.583333,32.94665793105801,54.78682936142437,45.226184285224285,88.50799980920056,3,55.36691784672681
Pali,Rajasthan,29.85,78.54388900000002,78.20255793457166,65.33125070760204,61.91086800515067,31.77298347247056,392,59.30441502994873
Begusarai,Bihar,25.416667,86.133333,36.44054573112851,8.385737228055804,17.5323162487918,64.87015181665367,179,31.80718775615745
Karimnagar,Telangana,27.7974,79.2581,76.40786938850324,26.709593999639768,80.04094123803091,30.63633919737302,174,53.448685955886745
Jalna,Maharashtra,24.0988,79.2137,49.30751906107632,64.26362818117444,83.02742331953245,34.80132214481361,158,57.84997317664921
Tumkur,Karnataka,13.342222,77.101667,72.1231398472179,33.874316051446,22.902300794039768,48.78308511505975,313,44.42071045194085
Guwahati,Assam,26.183333,91.733333,59.58271674238736,79.0704350390557,75.0156821625201,54.33847462751568,47,67.0018271428697
Gurgaon,Haryana,27.6928,79.6766,44.116462752389175,58.45311580021357,65.77495627192457,30.379543176550477,378,49.68101950026945
Tirunelveli,Tamil Nadu,8.733333,77.7,56.0014094725881,46.982004969961174,81.51727999238993,77.55521784715441,323,65.5139780705234
Bulandshahr,Uttar Pradesh,28.4,77.85,78.88311628556771,23.97009555643032,72.95026308988767,63.61291938382379,387,59.854098578927385
Warangal,Telangana,18.0,79.583333,66.87293403032615,64.63827062433528,31.230412500712585,47.09092324211928,355,52.45813509937332
Navi Mumbai,Maharashtra,19.033049,73.029662,68.30783509179616,30.312086263468753,62.975016755590325,47.35176116153486,338,52.23667481809753
Chennai,Tamil Nadu,13.083333,80.283333,30.7273823609654,61.55563005391885,1.2168646147493691,49.76239649471882,6,35.8155683810881
Ambernath,Maharashtra,19.2015607,73.2004771,68.44209837423968,59.16183242016981,73.9982898438574,73.8164321841017,176,68.85466320559215
Hyderabad,Telangana,17.375278,78.47444399999998,80.39645359782503,69.34290708599586,32.10965809855391,26.99895067525249,249,52.211992364406825
Kamarhati,West Bengal,22.671111,88.37472199999998,25.186306002619176,48.80927471080807,48.506257332150746,72.85235587805244,130,48.83854848090761
Patna,Bihar,23.3,82.666667,65.54243588841732,70.28051480559951,69.59471569709379,49.189979968491386,19,63.65191158990049
Chandrapur,Maharashtra,19.6,83.883333,52.58498398746517,75.89072798979035,64.83017768857107,60.10969230834985,136,63.35389549354411
Etawah,Uttar Pradesh,26.7769,79.0239,41.244377308940365,46.13130166057343,84.54069074217051,34.59964834260302,356,51.62900451357182
Kolhapur,Maharashtra,16.7,74.216667,68.98913267383959,0.5863609624874005,63.36322687304479,49.48354367398371,80,45.60556604583888
Hyderabad,Telangana,17.375278,78.47444399999998,23.71149724922091,37.27374636821618,65.00208625399608,31.48704855703797,4,39.36859460711778
Saharanpur,Uttar Pradesh,29.966666999999998,77.55,86.89657132705341,62.76843935703353,37.53438239703349,50.12651751541375,318,59.33147764913355
Gopalpur,West Bengal,24.833333,87.8,60.58834178786582,35.11779895390408,86.19998439580442,39.525926073320605,287,55.35801280272374
Rourkela,Orissa,22.2,84.883333,1.1124502581319362,28.36906295084353,33.175073983560736,17.24703135348678,167,19.975904636505746
Gulbarga,Karnataka,17.333333,76.833333,69.18155317411703,4.627716367097879,22.50208911476933,44.82821490720927,82,35.284893390798366
Rajahmundry,Andhra Pradesh,16.983333,81.783333,52.18826928034461,64.53695448890932,43.23034767860117,48.62694591856679,128,52.14562934160547
Tirupati,Andhra Pradesh,13.65,79.416667,86.03411806549326,35.94117313562341,34.83261847356272,33.48303950400453,213,47.57273729467097
Tirupur,Tamil Nadu,11.1,77.35,28.202201022695352,44.224638682915966,33.13958283829889,89.32125398286898,101,48.7219191316948
Mau,Uttar Pradesh,25.941667,83.561111,67.01955879007352,54.52779979043298,82.73401783090611,38.0608915875171,163,60.58556699973243
Howrah,West Bengal,22.589167,88.310278,79.2362036153403,61.050837742711,53.69141165464642,34.302357677257675,38,57.070202672488854
Noida,Uttar Pradesh,28.5726442,77.3547609,32.311438056411575,29.87886187267619,24.27767088568411,31.536313867450943,298,29.5010711705557
Navi Mumbai,Maharashtra,19.033049,73.029662,82.78503293482466,26.210970868953925,47.23892192855382,27.17820733681613,35,45.85328326728713
Firozabad,Uttar Pradesh,27.15,78.416667,52.00571979208249,22.146211161774925,38.10950040230756,49.654058402518,289,40.478872439670745
Kalyan-Dombivali,Maharashtra,19.235433,73.129889,69.80056779205634,39.587165571051344,39.74400330483898,19.652433595005068,205,42.196042565737926
Meerut,Uttar Pradesh,28.983333,77.7,60.179578722733936,10.463315754489141,47.655960226979396,70.36900140948785,26,47.166964028422576
Thanjavur,Tamil Nadu,10.8,79.15,68.83690406009093,21.787452250170244,63.8660842656965,28.70610448933164,200,45.79913626632233
Nagercoil,Tamil Nadu,8.193889,77.431389,54.19493951336378,70.07461925420071,47.47337771269572,76.17757726222277,197,61.98012843562075
Kakinada,Andhra Pradesh,16.933332999999998,82.216667,20.108876249962663,71.22639282655268,86.7869201937697,43.47922895424755,142,55.40035455613314
Dehradun,Uttarakhand,30.3255646,78.0436813,0.9739707761880572,13.588053109743983,19.135713567518682,29.14799008630336,76,15.711431884938516
Mango,Jharkhand,13.22526165,79.1055442299247,40.231633689616224,55.12369684836288,86.59703553992071,45.741881094710685,198,56.923561793152636
Jalandhar,Punjab,23.9,78.43333299999998,75.97530500729297,46.74447598336463,20.491473431327027,23.458811204179092,367,41.667516406540926
Aurangabad,Maharashtra,26.596,79.9701,35.902014135724386,65.16545107385744,78.82629322773157,77.67135994329185,32,64.39127959515132
Bhatpara,West Bengal,22.871389,88.408889,39.25724544424328,40.09912791217421,28.06144605275103,69.97105397810904,115,44.34721834681939
Tiruvottiyur,Tamil Nadu,13.157778,80.304167,33.749098340750734,34.86037366243453,73.317933251232,41.7222630263785,183,45.91241707019893
Kulti,West Bengal,23.733333,86.85,55.79928447123351,0.4914120451333493,61.94982845863962,40.27334032576975,371,39.62846632519405
Karnal,Haryana,29.683333,76.983333,66.28934814110053,44.78358502567798,21.44280933551164,42.7923044646,156,43.82701174172253
Bhopal,Madhya Pradesh,23.266667,77.4,60.42411496110479,34.29625752122412,89.60879430639791,25.073727930822066,352,52.35072367988722
Chandigarh,Chandigarh,30.7343,76.7933,62.72584422514828,56.722060765364866,57.47016900962826,61.381311316000975,369,59.574846329035594
Pali,Rajasthan,29.85,78.54388900000002,75.67053463191236,21.0539409577807,85.14146113874612,86.60458665052681,190,67.1176308447415
Junagadh,Gujarat,21.516667,70.466667,60.00512986900189,36.27237548515225,20.77339839244971,37.26069247183271,137,38.57789905460914
Belgaum,Karnataka,15.866667000000001,74.5,31.288238464808174,40.47786220704194,30.23732803486197,37.71594653891501,267,34.929843811406776
Sonipat,Haryana,28.983333,77.016667,89.2963817589068,59.940702378005504,72.82943313549266,72.73972558278106,164,73.70156071379652
Visakhapatnam,Andhra Pradesh,17.7,83.3,1.1158829754458617,46.58978467843654,66.25015063101387,1.5986682127623664,17,28.888621624414657
Asansol,West Bengal,24.233333,87.283333,67.91776264532007,48.50006798368468,86.38308408353426,40.900099376960185,78,60.9252535223748
Bijapur,Karnataka,18.8,80.81666700000002,50.29235431242211,32.208600355825034,20.47394447370847,38.7873249096177,370,35.44055601289333
Mumbai,Maharashtra,18.975,72.82583299999997,35.468924250006765,82.8774503778815,47.92787404909315,60.976162393083364,1,56.8126027675162
Chennai,Tamil Nadu,13.083333,80.283333,72.28368737738683,20.03132707166854,81.60442419152757,40.807129095580265,250,53.6816419340408
Karawal Nagar,Delhi,28.72831,77.276926,24.97996706067284,43.038453709344,81.37235302369766,82.94235650203676,196,58.083282573937815
Siliguri,West Bengal,26.716111,88.423611,37.93882575536472,79.82648422347461,79.94977645136511,43.46598979437167,86,60.29526905614403
Bihar Sharif,Bihar,25.183332999999998,85.516667,51.201401535142615,49.00796288066378,7.525927558988212,31.81813165778977,227,34.888355908146096
Solapur,Maharashtra,17.683332999999994,75.916667,57.280807149488105,61.67106457666535,42.132296684476536,51.34171314286867,49,53.10647038837465
Jamnagar,Gujarat,22.466667,70.06666700000001,2.426615049116934,53.134993522772724,74.53836742827303,31.971318810252512,83,40.5178237026038
Ratlam,Madhya Pradesh,23.316667,75.06666700000002,82.09171430188401,60.41667576946663,25.211855325961107,81.0871359480172,170,62.201845336332255
Sagar,Madhya Pradesh,22.066667000000002,82.0,67.90079633806765,37.57210905853949,76.99354480738103,64.22304668510355,305,61.67237422227293
Bally,West Bengal,15.166667000000002,74.033333,59.46706778733962,86.84544837298908,86.71436907010708,35.191642152294314,265,67.05463184568252
Aurangabad,Maharashtra,26.596,79.9701,70.43649108744944,20.25586656948717,88.3855743931507,37.66476227560762,221,54.18567358142374
New Delhi,Delhi,28.6,77.2,70.13150067273347,32.750975889961154,59.818528764001705,63.46710536067335,180,56.54202767184242
Thrissur,Kerala,10.516667,76.216667,83.26642243695959,20.617911768877164,35.863321095026905,36.150427650286154,138,43.97452073778746
Hubballi-Dharwad,Karnataka,15.364707999999998,75.12395500000002,68.50543019525642,32.19358121734784,41.55007210896335,46.281242622928104,50,47.132581536123936
New Delhi,Delhi,28.6,77.2,53.76176635514086,51.33240584263689,23.248110239905767,66.23412137693954,279,48.64410095365578
Ajmer,Rajasthan,26.45,74.633333,32.80974928638772,21.14385713940406,0.9882315323273384,56.02253499057346,310,27.741093237173143
Kurnool,Andhra Pradesh,15.833332999999998,78.05,74.91058694718356,60.42514130977169,21.522284781622144,33.252572938145114,209,47.527646494180615
Kota,Rajasthan,29.825278000000004,78.671389,20.932425321753755,55.09264348367233,81.61307884353181,29.358626716421718,46,46.7491935913449
Avadi,Tamil Nadu,13.115556,80.101667,25.45170039910104,62.568727794387655,74.17921332092834,74.5339574705873,212,59.183399746251105
Puducherry,Puducherry,11.93,79.83,69.00724159051313,30.75648218138876,11.153434960173913,63.984578805991184,184,43.725434384516745
Nanded,Maharashtra,19.15,77.333333,48.53627699601243,61.26834639750038,30.123753716473537,59.35836666942181,257,49.821685944852035
Gurgaon,Haryana,27.6928,79.6766,78.39377527501968,63.75109975887949,50.279284290698435,33.63296162297681,54,56.514280236893605
Thiruvananthapuram,Kerala,8.506944,76.956944,48.56615081392064,50.88329239163839,53.550006008727465,43.43801696808903,62,49.10936654559389
Kolkata,West Bengal,22.569722,88.369722,77.98944438212749,52.250562258338526,63.49988412571189,67.4981680679565,354,65.3095147085336
Vasai-Virar,Maharashtra,19.4258788,72.8224901,25.28851771392045,21.43688762281269,87.37509795441429,50.531611826117285,388,46.158028779316176
Parbhani,Maharashtra,19.266667,76.783333,48.22274288817152,72.82738562728866,66.70179815113481,32.952384364181945,144,55.176077757694244
Jamnagar,Gujarat,22.466667,70.06666700000001,43.322269647674645,63.36611404066407,54.48048935585784,65.16436864236607,325,56.583310421640654
Malegaon,Maharashtra,20.55,74.533333,51.357771263734215,46.94970023577021,57.7061563731811,55.83688790995861,96,52.96262894566104
Faridabad,Haryana,28.433333,77.31666700000002,61.14842235528136,55.89368819457908,33.43855349388033,28.38535852423321,25,44.71650564199349
Delhi,Delhi,28.666667,77.216667,65.80733545909538,51.694210017910954,62.836121693848,84.30296939882473,2,66.16015914241976
Jamshedpur,Jharkhand,22.8,86.18333299999998,53.318611201543376,71.29504922465378,34.150155448466336,49.26955111642775,70,52.00834174777281
Sikar,Rajasthan,27.616667,75.15,67.4169698834586,87.36597509907438,68.76241107398656,43.67804386187171,185,66.80584997959782
Bilaspur,Chhattisgarh,22.083333,82.15,43.83374195535893,79.65091115925952,20.885785500692734,63.67640065649597,262,52.01170981795178
Tirupati,Andhra Pradesh,13.65,79.416667,27.58291584330267,61.30105146766815,45.52413089307044,63.93235469411933,155,49.58511322454014
Jaipur,Rajasthan,24.583333,86.85,29.35112242628501,61.20156111046575,36.4718042730984,48.169586989133215,10,43.7985186997456
Agra,Uttar Pradesh,27.183333,78.016667,51.008987211682,52.60020357693713,75.41322723965405,26.998739762852225,272,51.50528944778135
Latur,Maharashtra,18.4,76.583333,31.51932512760039,88.19204808637741,77.25635806858949,43.937059863680325,117,60.2261977865619
Davanagere,Karnataka,14.459698399999999,75.9289654951128,79.46974675172264,39.929289747382455,20.34643507388007,26.679665651567305,312,41.60628430613811
Hubballi-Dharwad,Karnataka,15.364707999999998,75.12395500000002,53.76735986207407,22.810469696837202,76.02427560286303,77.6110156196533,381,57.553280195356905
Gandhidham,Gujarat,23.083333,70.133333,73.29004419476969,28.476670203845487,61.07433402154349,70.88113099347267,181,58.43054485340784
Cuttack,Orissa,20.5,85.833333,37.71346241343621,82.84843772836231,31.36408725193077,48.06103518062018,368,49.99675564358738
Sri Ganganagar,Rajasthan,29.916667,73.883333,49.23422157283318,66.18648496916366,72.3858276365111,41.69606405189099,195,57.37564955759974
Bellary,Karnataka,15.15,76.93333299999998,60.06935066484922,73.91421734865702,32.15678263282193,50.10705726116471,235,54.061851976873214
Bhiwandi,Maharashtra,19.3,73.06666700000002,3.1621827266861136,16.029733731927678,15.621874411906974,52.7263684532435,64,21.885039830941068
Baranagar,West Bengal,22.643333,88.365278,75.13885511325766,35.73704403840813,61.21358775885104,69.76026450667152,263,60.46243785429709
Anantapur,Andhra Pradesh,26.829,79.5342,81.25419881285991,33.848410535824364,58.13651915871382,84.39481788146433,172,64.4084865972156
Shahjahanpur,Uttar Pradesh,27.883333,79.916667,10.148717879038855,19.79228428020369,53.327445109820644,32.49004344790208,132,28.939622679241317
Mumbai,Maharashtra,18.975,72.82583299999997,21.890366437561656,48.92161913336229,14.28424439261106,4.178608661097158,228,22.31870965615804
Pimpri-Chinchwad,Maharashtra,18.6279288,73.80098290000002,54.69717675563108,58.54299925440175,12.71484908576489,37.7443838687819,18,40.9248522411449
Pune,Maharashtra,18.533333,73.866667,22.904304307070287,38.29194559608696,26.257508932675467,73.39199117886602,383,40.21143750367469
Bareilly,Uttar Pradesh,28.35,79.416667,62.04835911912723,30.395582439112616,59.22032371345021,85.15279498785401,51,59.20426506488602
Bardhaman,West Bengal,23.240555999999998,87.869444,58.356507765125116,63.439775273190854,69.40777969299013,21.826399369570886,361,53.25761552521925
Panihati,West Bengal,22.694167,88.374444,16.109193325350095,67.45759577761764,11.040331350155157,33.03579663772587,116,31.910729272712192
South Dumdum,West Bengal,22.61,88.4,89.6541823207372,41.97103115882783,63.241230475092316,72.41751398448355,336,66.82098948478523
Sikar,Rajasthan,27.616667,75.15,26.02306051194541,85.59335106267766,20.702695471838624,85.48567584528266,268,54.451195722936106
Surat,Gujarat,20.966667,72.9,42.66313584600684,48.26942598743325,74.11530437979644,71.6004578449757,8,59.16208101455306
Jalgaon,Maharashtra,21.048610999999998,76.534444,62.18504198543968,44.04853716979404,25.950496110060342,70.16665741336325,377,50.58768316966432
Jalna,Maharashtra,24.0988,79.2137,51.35157562996748,22.082163355143646,69.31012818637129,46.595874808753756,283,47.33493549505904
Malegaon,Maharashtra,20.55,74.533333,52.556671621108386,41.6884187458214,60.97099005476564,47.873183145252895,302,50.77231589173708
Thoothukudi,Tamil Nadu,8.783333,78.133333,51.83457722662904,73.62999315311589,75.9860662142316,21.927087699147435,382,55.844431073280994
Davanagere,Karnataka,14.4596984,75.9289654951128,26.10442732383631,37.91743277492823,39.225878959125694,41.222170285562896,102,36.11747733586329
Varanasi,Uttar Pradesh,25.333333,83.0,11.85041299063409,6.061255695406961,2.244335677928075,6.4670597402886925,256,6.655766026064455
Chandigarh,Chandigarh,30.7343,76.7933,87.40414481029094,89.90988408108136,59.834038190350114,52.49147447367586,48,72.40988538884956
Hapur,Uttar Pradesh,28.716667,77.783333,59.00117053961325,69.81441578444965,73.5036824117563,54.98806552192636,171,64.32683356443638
Brahmapur,Orissa,19.316667000000002,84.783333,70.02152517888281,39.418872649454585,82.63656114778337,77.69932414390162,333,67.4440707800056
Bhavnagar,Gujarat,21.766667,72.15,82.69782714004631,85.17802354310452,85.78058614994735,26.79564265188673,75,70.11301987124622
Bokaro,Jharkhand,23.783333,85.966667,79.61183660776041,50.96010281252858,77.29382493534499,45.42011678821518,384,63.321470285962285
Ratlam,Madhya Pradesh,23.316667000000002,75.06666700000002,80.1746172602493,47.90340118682197,38.78158185949089,26.579884277529672,341,48.35987114602296
Ujjain,Madhya Pradesh,23.183333,75.766667,12.780537118436476,33.708583943421964,26.716198841703378,15.692535970248967,84,22.224463968452696
Raipur,Chhattisgarh,30.316667,78.1,29.692481737052393,60.40424083031991,23.201601250299305,63.74872426182145,244,44.26176201987326
Katihar,Bihar,25.533333,87.583333,18.65663642602688,41.038999455370366,46.79593766673724,48.16343487196685,193,38.66375210502533
Nagercoil,Tamil Nadu,8.193889,77.431389,55.778216602136965,62.06994433008821,70.20294289220843,21.476900711025323,232,52.382001133864726
Asansol,West Bengal,24.233333,87.283333,42.1937910357984,70.98507235816321,19.887277317451552,17.36432169137068,364,37.607615600695965
Hapur,Uttar Pradesh,28.716666999999998,77.783333,29.05678832039768,67.21193721299724,37.25351410108868,89.22348566479273,372,55.686431324819075
Srinagar,Jammu and Kashmir,30.216666999999998,78.783333,24.42744235377468,12.166775588810813,57.79324200390558,12.667364152089707,300,26.763706024645195
Firozabad,Uttar Pradesh,27.15,78.416667,10.915336089191324,6.85938142050466,34.17563571981855,13.438313111889654,73,16.347166585351047
Patiala,Punjab,30.326667,76.400278,80.46063933247044,47.70730657270614,82.57292541510206,57.76052269620586,110,67.1253485041211
Gorakhpur,Uttar Pradesh,26.755,83.373889,30.51108725348964,68.73835490705832,28.919420223605538,39.68350398681801,66,41.963091592742884
Srinagar,Jammu and Kashmir,30.216667,78.783333,68.84325612459676,74.57121110783324,22.67015753854877,41.23118265644965,31,51.82895185685711
Karimnagar,Telangana,27.7974,79.2581,54.416251013486566,32.08907834082419,83.95022368307036,83.2578799992598,339,63.42835825916024
Darbhanga,Bihar,26.166667,85.9,56.9296732579405,68.93896385036516,51.45634043659354,51.54746412496493,390,57.21811041746603
Puducherry,Puducherry,11.93,79.83,74.88821983334658,23.20465692495062,66.46447058800044,67.68604177610138,239,58.060847280599745
Agra,Uttar Pradesh,27.183333,78.016667,66.8439623468335,29.18249289936871,12.410057726160426,18.82277356718453,23,31.81482163488679
Ulhasnagar,Maharashtra,19.216667,73.15,21.988973817061233,80.01595753232469,61.980856598024,81.83071996294231,88,61.45412697758806
Bhubaneswar,Orissa,20.233333,85.833333,69.97742719599327,30.687454640331374,53.07529711035043,27.227953862045787,58,45.242033202180224
Ahmednagar,Maharashtra,19.083333,74.733333,50.2055931258131,57.19752499642356,31.10691170983528,54.17918627882085,329,48.17230402772321
Vizianagaram,Andhra Pradesh,18.116667,83.416667,87.972516104674,65.33755116022661,53.96441581105276,80.16441989699183,192,71.85972574323631
Madurai,Tamil Nadu,9.933333,78.116667,83.28150025102424,35.53267081707961,40.511898205277575,86.0108113248873,44,61.33422014956719
Bikaner,Rajasthan,28.016666999999998,73.3,69.10660729073494,69.27363537679625,3.0134096363846923,38.531495259591615,324,44.981286890876895
Jammu,Jammu and Kashmir,32.733333,74.866667,67.87204121038697,53.958954435444824,61.970504093238056,68.21774115847886,293,63.00481022438717
Shivamogga (Shimoga),Karnataka,13.929929999999999,75.568101,65.0406530307634,67.86776560648016,61.311623142867745,30.03182837613275,282,56.06296753906101
Ghaziabad,Uttar Pradesh,28.666666999999997,77.43333299999998,66.31499516057127,48.485712996706496,20.499558970777432,70.52728492581358,273,51.456888013467186
Mau,Uttar Pradesh,25.941667000000002,83.561111,23.08891811367363,42.662885948500964,88.03570398879803,51.020793195898065,301,51.20207531171769
Kulti,West Bengal,23.733333,86.85,72.35900967128961,34.482434337972414,61.429276200267026,40.702418689994424,141,52.243284724880866
Kollam,Kerala,8.880556,76.591667,32.3900270631798,76.177427212989,68.16424166576385,72.7803084455087,261,62.378001096860345
Rampur,Uttar Pradesh,23.283333,85.43333299999998,78.51575626349529,78.06879262728069,21.824386987473112,51.1944278411406,134,57.40084092984742
Salem,Tamil Nadu,15.7,73.916667,20.442995851964987,81.64551884483012,52.82840465764082,65.71085419951113,59,55.15694338848677
Bangalore,Karnataka,12.983333,77.583333,76.62073381292386,58.79000874888915,32.369753089066464,74.84767113857309,297,60.65704169736314
Bhiwandi,Maharashtra,19.3,73.06666700000002,46.002663858497016,39.163929424679324,26.45327187779716,79.92452617363901,351,47.88609783365313
Khammam,Telangana,17.25,80.15,80.81759850073645,45.860858475056936,47.121212340535905,21.855790208286685,344,48.913864881154005
South Dumdum,West Bengal,22.61,88.4,19.150998067934264,1.0177754874205969,32.90382390420607,55.131384330567094,108,27.05099544753201
Ahmednagar,Maharashtra,19.083333,74.733333,68.50106969748407,23.534863782179674,68.62567020979543,64.53006066827017,124,56.29791608943234
Jalgaon,Maharashtra,21.048611,76.534444,41.20882879171984,21.77925935388375,56.71413517764781,55.27823350849153,98,43.745114207935714
Mangalore,Karnataka,12.863889,74.835278,34.66979616171043,79.7369278814882,42.22679880215942,36.02986853213184,93,48.16584784437247
Ambernath,Maharashtra,19.201560699999998,73.2004771,65.86201721128471,49.237164865564154,79.23287008324863,85.68257656439322,306,70.00365718112268
Amritsar,Punjab,31.633056,74.86555600000001,37.50577131341115,57.086042294314396,85.56706114992858,25.672188034158047,226,51.45776569795304
Jamshedpur,Jharkhand,22.8,86.18333299999998,63.50223119959785,29.3737344895343,17.43282490857261,69.62484520595912,307,44.983408950915965
Guwahati,Assam,26.183332999999998,91.733333,83.3157601549585,30.089840593527445,74.31316237690804,54.45976739430403,245,60.54463262992451
Coimbatore,Tamil Nadu,10.9925,76.961389,7.5729923992573,33.38314772563181,65.95433569806062,13.215592753380804,39,30.031517144082642
Durgapur,West Bengal,24.75,87.733333,42.64767281819808,30.19940414074621,69.74802220849173,65.73845440477737,311,52.08338839305335
Raipur,Chhattisgarh,30.316667,78.1,89.6969382163892,69.13665593386827,24.375119083577328,41.291000401680755,45,56.12492840887888
Bhilwara,Rajasthan,25.35,74.633333,79.58926676256104,38.034164676443964,44.765413549052404,46.87192560353016,121,52.31519264789689
Gaya,Bihar,24.783333,85.0,33.911110502189935,86.45179564390465,29.255568685967017,80.03681647706556,97,57.41382282728179
Tumkur,Karnataka,13.342222,77.101667,88.18929789077964,58.77422669177436,71.30654006254966,35.07107424251828,145,63.33528472190548
Salem,Tamil Nadu,15.7,73.916667,80.60205477005088,58.01265509932984,50.77393732189274,76.55624084678846,308,66.4862220095155
Latur,Maharashtra,18.4,76.583333,69.49066766817178,41.65319584707072,29.04720419981576,44.45042611500723,400,46.160373457516364
Nagpur,Maharashtra,23.3,82.3,21.963351190100468,87.68507735512456,59.912892095234525,81.95195502735383,13,62.87831891695336
Haridwar,Uttarakhand,29.966667,78.166667,49.299013589476225,77.30091496781671,55.71197142173176,53.20129064287033,194,58.87829765547376
Agartala,Tripura,23.836389,91.275,45.8470341826547,7.005059716874633,48.14299106551976,57.51683257353724,112,39.627979384646586
Satna,Madhya Pradesh,24.583333,80.833333,65.31552050348168,37.25387241280304,44.611462158033284,55.105168701278636,162,50.571505943899155
Ambattur,Tamil Nadu,13.076667,80.088611,52.57885164024884,60.52459454823085,43.38937194065298,53.390803973596284,326,52.47090552568224
Thanjavur,Tamil Nadu,10.8,79.15,52.26810425564904,54.35736911568593,89.09049242793483,33.33180783967475,288,57.26194340973614
Kakinada,Andhra Pradesh,16.933332999999998,82.216667,73.72637303144927,51.830961297161636,67.46798350788163,66.14243404366546,254,64.7919379700395
Moradabad,Uttar Pradesh,28.833333000000003,78.783333,70.340478965811,11.801654333138027,58.08625076242746,24.91388465025093,231,41.28556717790685
Lucknow,Uttar Pradesh,26.85,80.916667,15.272217573807032,57.11329556801503,16.191310004259588,31.56074728611825,299,30.03439260804997
Raichur,Karnataka,16.2,77.366667,61.92845536377689,49.42942977316246,54.282687510904466,62.720118971141936,269,57.09017290474645
Gwalior,Madhya Pradesh,26.223611,78.179167,88.62432166939503,52.70313124740208,69.25026785573284,41.779858529649175,357,63.08939482554479
Bally,West Bengal,15.166667000000002,74.033333,71.82292560639584,60.722341279916655,46.705640593699215,50.439605468798035,151,57.42262823720245
Ozhukarai,Puducherry,11.94888,79.712141,82.99891072036581,85.04378961299865,44.82782966364454,68.81167432188448,147,70.42055107972338
Bhopal,Madhya Pradesh,23.266667,77.4,79.35758585277225,87.45425326648476,58.53883968596642,58.741497044944836,16,71.02304396254206
Moradabad,Uttar Pradesh,28.833333000000003,78.783333,37.818332005658796,88.1387558251454,89.21576088617294,74.8517548169704,52,72.50615088348687
Bhatpara,West Bengal,22.871389,88.408889,59.690439456601496,64.64276399029143,86.80474713706232,55.109377421012546,304,66.56183200124194
Mirzapur,Uttar Pradesh,25.15,82.583333,76.28860314521198,55.155945963388994,55.61251410313721,79.28333581014894,373,66.58509975547179
Patiala,Punjab,30.326666999999997,76.400278,38.5510560264308,72.92521442192049,25.26806919143849,24.495821805406642,337,40.31004036129911
Muzaffarpur,Bihar,26.116667,85.4,59.1951290822052,44.418953583866966,51.22391835522749,56.53368480748298,123,52.842921457195644
Ajmer,Rajasthan,26.45,74.633333,32.505245767884524,36.25469383297268,36.81194904193036,45.8117539915109,81,37.84591065857461
Tirunelveli,Tamil Nadu,8.733333,77.7,81.23701969772034,45.75802800686987,55.684078106331825,43.568282211999396,95,56.56185200573035
Begusarai,Bihar,25.416667,86.133333,61.061615014247295,49.36022616775196,32.34434016800175,68.8271420723825,358,52.89833085559586
Surat,Gujarat,20.966667,72.9,64.06742805848648,40.74184036684241,42.98289739160553,55.64394300626089,275,50.85902720579882
Guntur,Andhra Pradesh,16.3,80.45,67.25009427790968,75.97586525622273,40.95242029548479,63.2703094730571,63,61.862172325668574
Bulandshahr,Uttar Pradesh,28.4,77.85,40.68423239602311,49.4349582162473,86.78582024619581,54.60911611143543,199,57.878531742475424
Saharanpur,Uttar Pradesh,29.966667,77.55,59.11934091659282,23.752955178682928,40.480162312392075,17.616286837283347,65,35.242186311237795
Bhilai,Chhattisgarh,21.216667,81.43333299999998,55.24101582449397,29.3290261255323,87.37345243823603,68.0221898978568,222,59.99142107152978
Kanpur,Uttar Pradesh,26.466667,80.35,40.01235335634345,26.90617879520192,55.81694152546925,88.69928759275888,12,52.85869031744338
Akola,Maharashtra,24.766667,74.2,21.028932430856084,45.69408772978872,52.244913095145186,13.406092942141154,236,33.09350654948279
Kanpur,Uttar Pradesh,26.466666999999998,80.35,55.23469686242082,70.17699152898972,34.5605654804347,88.5347475272858,237,62.12675034978275
Warangal,Telangana,18.0,79.583333,41.563656207329146,48.87265481466985,53.04146556021161,22.100938422764763,61,41.39467875124385
Ahmedabad,Gujarat,23.033333,72.616667,31.869109354332924,34.358484028874805,84.34627607740947,84.25140032842543,5,58.70631744726066
Mathura,Uttar Pradesh,27.5,77.68333299999998,61.31000352513278,51.61963531469146,53.65235955630599,46.68773552998285,125,53.31743348152827
Karnal,Haryana,29.683333,76.983333,66.86926694102401,27.33196479018654,82.38972999505296,58.06844138598423,284,58.66485077806193
Kozhikode,Kerala,11.25,75.766667,5.632306344163454,25.795576014388303,39.75163312776885,24.954392453076267,296,24.03347698484922
Hisar,Haryana,29.166666999999997,75.716667,57.897436304546346,73.90749953182686,45.59805753744608,58.35632357845956,393,58.93982923806971
Khammam,Telangana,17.25,80.15,54.52989737449782,56.365333003947114,54.556027040921926,79.42406736375992,191,61.21883119578171
Korba,Chhattisgarh,22.35,82.68333299999998,66.18330707479583,25.284628087921753,46.69836372688402,26.37669437607241,120,41.13574831641851
Sangli-Miraj & Kupwad,Maharashtra,16.860446,74.56551800000003,33.23123230759617,74.03641644526088,71.101630879972,59.883946376224145,91,59.563306502263295
Bardhaman,West Bengal,23.240556,87.869444,33.162728416687784,36.83001396089705,5.894552262154876,51.64561635491617,140,31.88322774866397
Ichalkaranji,Maharashtra,16.7,74.466667,18.226702532354754,17.90749031082361,53.70456720659648,58.786765536961134,154,37.156381396684
Anantapur,Andhra Pradesh,26.829,79.5342,62.0800218052439,28.883385805560003,85.63103546420558,35.36342973402145,251,52.989468202257726
Mira-Bhayandar,Maharashtra,19.295233,72.85439000000002,29.616354328507146,60.78010870459641,52.446853116653024,57.76026973192255,60,50.15089647041978
Bathinda,Punjab,30.2081076,74.9485371,39.82952026580054,60.06513741525818,42.34409817851297,74.760400162741,391,54.24978900557817
Dewas,Madhya Pradesh,22.966667,76.06666700000002,57.285064384471205,47.54686760620311,50.59743056031653,15.702047773422267,153,42.782852581103285
Jodhpur,Rajasthan,26.286667,73.03,30.62095447933541,52.34598383156231,77.00417125006534,79.56880602440117,43,59.884978896341046
Bhavnagar,Gujarat,21.766667,72.15,52.99561087020464,60.00629061594168,39.02252239660274,66.21557355939166,328,54.55999936053518
Bhagalpur,Bihar,26.169722,83.872778,77.35661563390775,52.82569250077482,65.65006041687576,78.22332689395185,365,68.51392386137755
Madurai,Tamil Nadu,9.933333,78.116667,72.45741446969103,9.302178398388607,11.090142341965716,15.39962154308413,270,27.06233918828237
Thane,Maharashtra,19.2,72.966667,43.325585090596036,59.613278152674255,49.872059780788355,83.65592312469754,291,59.11671153718905
Tiruchirappalli,Tamil Nadu,10.805,78.685556,64.20291363959313,69.56386488518868,24.119726085551594,55.9055722440949,57,53.44801921360708
Haridwar,Uttarakhand,29.966666999999998,78.166667,59.72907804811485,23.43504162534568,68.20526644211779,53.23345460390096,292,51.150710179869826
Kolkata,West Bengal,22.569722,88.369722,55.053717567257,12.556840868915053,20.39896368923795,25.23675437563668,7,28.311569125261673
Loni,Uttar Pradesh,28.75,77.283333,88.42978287449316,42.55847136500022,82.38015519399845,86.65067902558637,85,75.00477211476955
Aligarh,Uttar Pradesh,27.883333,78.083333,5.9427587296269335,69.2065662455056,19.289015038770057,45.9409632383876,55,35.094825813072546
Etawah,Uttar Pradesh,26.7769,79.0239,88.33884570118929,23.960526839433108,67.05750629696321,49.892039975172786,175,57.3122297031896
Nizamabad,Telangana,26.050556,83.05888900000002,50.60085607992565,23.198117608938517,82.15112980310938,70.96618186061781,143,56.72907133814784
Kota,Rajasthan,29.825278000000004,78.671389,79.0751093108439,89.2592880680016,21.276158264796702,67.89810540621735,340,64.3771652624649
Ichalkaranji,Maharashtra,16.7,74.466667,49.356676151852206,73.8878023176362,42.05466188022717,20.290879842941948,207,46.39750504816438
Brahmapur,Orissa,19.316667,84.783333,66.10059079631695,43.29227322937707,89.42984831110405,23.57961168494389,122,55.600581005435494
Dehradun,Uttarakhand,30.3255646,78.0436813,80.50991312150471,54.94624649167409,62.873798827289896,26.1788799357554,350,56.127209594056026
Rohtak,Haryana,28.9,76.56666700000002,84.7289349074983,53.45639417225829,83.10176135807815,58.903616511580594,119,70.04767673735384
Bikaner,Rajasthan,28.016667,73.3,41.39640455132115,48.96058886907361,84.16499212275123,36.46317382015943,67,52.74628984082636
Durg,Chhattisgarh,21.183332999999998,81.283333,85.77337781880226,89.09216661827558,85.89572963658726,58.16998609842287,342,79.73281504302199
Rewa,Madhya Pradesh,27.9161,79.0231,80.08599680561883,51.022798180524646,22.12139251367647,76.27804788773234,187,57.377058846888076
Cuttack,Orissa,20.5,85.833333,71.51015306800954,78.85342516037699,88.16991076621271,42.00065897667169,72,70.13353699281771
Sagar,Madhya Pradesh,22.066667,82.0,68.89352979766855,21.453866542447077,51.31319368227525,76.10979636753805,166,54.44259659748222
Solapur,Maharashtra,17.683332999999994,75.916667,32.987093374023004,73.60196875391719,39.22346984990925,66.06518199014464,290,52.96942849199853
Ujjain,Madhya Pradesh,23.183332999999998,75.766667,35.015087039672096,72.93522813538961,54.70042737208816,33.053988755080894,347,48.92618282555769
Ambattur,Tamil Nadu,13.076667,80.088611,83.03296657690626,80.43177869286377,52.10388684389846,76.82223236043708,94,73.09771611852639
Guntur,Andhra Pradesh,16.3,80.45,24.268936029231053,76.27844298877561,32.351571481781036,39.95693611997288,206,43.213971654940146
Avadi,Tamil Nadu,13.115556,80.101667,65.07766556631343,42.24129348488549,48.008849712525894,53.38981886214863,127,52.179406906468365
Vijayawada,Andhra Pradesh,16.516667,80.616667,43.379373387981644,52.860535363109065,86.69655345159418,80.96813854888305,42,65.97615018789199
Nellore,Andhra Pradesh,14.433333,79.966667,70.8619150331859,46.1703174118982,47.75952632487399,45.27718039931936,89,52.51723479231936
Loni,Uttar Pradesh,28.75,77.283333,68.95399190134182,51.48658897498204,71.48284492564412,67.88109227282608,322,64.95112951869852
Vadodara,Gujarat,22.3,73.2,59.68844551438771,23.96870601376575,60.35725703856147,44.125199521612856,386,47.03490202208196
Bhilwara,Rajasthan,25.35,74.633333,45.811712366152726,69.17313925170447,56.74417871632923,21.92186133930433,389,48.41272291837269
Kadapa,Andhra Pradesh,14.466667000000001,78.81666700000002,61.882570742644994,88.10695829780359,28.970429485901075,75.68021688194548,303,63.660043852073784
Bharatpur,Rajasthan,27.1268,79.3921,86.78314036692697,28.19323066432949,43.78497964617461,54.20118478990719,214,53.240633866834564
Bhubaneswar,Orissa,20.233333,85.833333,57.26591207124078,54.58217383127917,85.32466155486912,33.857703384496546,217,57.75761271047141
Bokaro,Jharkhand,23.783333,85.966667,66.03395413299158,42.570143950214295,54.60412610869875,31.608696124049988,107,48.70423007898866
Dewas,Madhya Pradesh,22.966667,76.06666700000002,55.821804443316424,78.09567336836011,68.83454019809432,85.88584785592128,316,72.15946646642304
Thoothukudi,Tamil Nadu,8.783333,78.133333,64.73907888898725,41.459209917831146,31.206817240766238,64.03694647138501,186,50.36051312974242
Akola,Maharashtra,24.766667,74.2,32.28354935944196,48.08452263474066,37.569240483918854,14.669149469523369,104,33.151615486906216
Kalyan-Dombivali,Maharashtra,19.235433,73.129889,54.42662886814784,87.237704880424,48.18871619195485,61.042382300395886,28,62.72385806023064
Jhansi,Uttar Pradesh,25.433333,78.583333,27.778649678227172,72.05762351622094,45.64447295442786,71.7058194791188,87,54.29664140699869
Varanasi,Uttar Pradesh,25.333333,83.0,69.40957770628681,76.75948448218304,72.57793500723895,67.73397952586015,30,71.62024418039223
Gopalpur,West Bengal,24.833333,87.8,55.866063066042756,48.93002119598622,15.253944997439339,63.12418747105462,111,45.793554182630736
Nanded,Maharashtra,19.15,77.333333,75.20863182587833,64.8765489247618,35.52817902991096,71.4816419614171,79,61.77375043549205
Indore,Madhya Pradesh,22.716667,75.833333,33.1684305748041,71.04056493117733,20.607459421098557,39.47667296272372,294,41.07328197245092
Muzaffarpur,Bihar,26.116667,85.4,71.21713772118206,70.33496723401677,42.91908499160316,68.25929707370355,346,63.182621755126384
Rajpur Sonarpur,West Bengal,22.449089,88.391473,42.07894029912316,31.693861709372243,43.63634169799371,22.420428012438208,106,34.957392929731824
Korba,Chhattisgarh,22.35,82.68333299999998,66.46272545388533,47.3469883750666,31.745494509571053,38.464799291679796,343,46.005001907550685
Visakhapatnam,Andhra Pradesh,17.7,83.3,31.698375001570398,46.56531253993902,25.53853754861409,42.601409895774715,315,36.60090874647456
Thane,Maharashtra,19.2,72.966667,21.279328412372106,24.169756346995875,20.274779918177007,44.85028750740821,15,27.643538046238298
Rampur,Uttar Pradesh,23.283333,85.43333299999998,60.426147408499745,85.03510245024546,40.53310846812127,60.7800885249594,396,61.69361171295647
Chandrapur,Maharashtra,19.6,83.883333,23.100777390284986,27.29827565106997,37.221108388861545,68.16349582903037,204,38.94591431481172
Sri Ganganagar,Rajasthan,29.916666999999997,73.883333,48.322880722737416,70.18110033118921,42.78557096646643,35.38765458263258,201,49.16930165075641
Bilaspur,Chhattisgarh,22.083333,82.15,89.15154235908912,69.62920351683196,56.3373568894349,84.06081932571578,131,74.79473052276794
Sangli-Miraj & Kupwad,Maharashtra,16.860446,74.56551800000003,54.06572667642517,61.630740477445144,49.488804885495604,17.44452705303023,321,45.65744977309904
Pimpri-Chinchwad,Maharashtra,18.6279288,73.80098290000002,87.36742937495806,32.80712300585457,38.60309272476067,44.78955588154157,264,50.891800246778715
Noida,Uttar Pradesh,28.5726442,77.3547609,41.31554738264308,55.92927835467869,70.15169755730165,71.87799198551275,69,59.818628820034036
Purnia,Bihar,24.516667,87.133333,50.526958521505136,86.52478949762087,28.57053100113321,54.131679292706735,161,54.938489578241494
Durgapur,West Bengal,24.75,87.733333,86.56981251743677,20.281470921570453,60.90862169564511,55.97475888917711,77,55.933666005957356
Nagpur,Maharashtra,23.3,82.3,66.52831765070266,52.23766738152792,32.606897921759504,61.258607124663975,309,53.157872519663506
Mirzapur,Uttar Pradesh,25.15,82.583333,67.92292014328385,86.31791860134817,69.35384561501846,66.72482735097014,188,72.57987792765515
Thrissur,Kerala,10.516667,76.216667,35.87204125446193,78.30053783482495,23.231985809557905,30.49056392256223,210,41.973782205351746
Mangalore,Karnataka,12.863889,74.835278,75.2339009867057,25.98123325748025,82.3055958658489,40.34674958169987,223,55.96686992293368
Nashik,Maharashtra,20.0110224,73.7903373,39.501010306149894,22.652210112499642,68.41902978790439,43.36290122769473,24,43.483787858562145
Ranchi,Jharkhand,23.35,85.333333,43.527441261896136,62.99398971141879,19.349406141914212,66.0089529904642,362,47.96994752642333
Ludhiana,Punjab,30.9,75.85,72.42962322701246,62.03197805362589,35.14793888208,85.43498111343018,22,63.76113031903714
Mysore,Karnataka,12.307222,76.649722,31.244499474532088,32.786281091865696,35.80823892560847,33.77464187763957,379,33.40341534241145
Arrah,Bihar,25.566667,84.666667,60.19711965476076,59.952671189194355,37.57837429302964,34.4740246334067,173,48.050547442597846
Gwalior,Madhya Pradesh,26.223611,78.179167,59.720085059304616,69.30455349771789,81.5472697610748,54.46849902388179,41,66.26010183549478
Maheshtala,West Bengal,22.508621,88.2532182,54.37895485153674,35.93188324859924,43.97962232994799,78.07545694590381,100,53.09147934399695
Dhule,Maharashtra,20.9,74.783333,57.18447654020849,85.04818619383155,35.61915695845241,41.95156247937249,398,54.95084554296624
